date,url,id,text,deleted
2022-05-17,https://web.archive.org/web/20220517035419/https://twitter.com/JD_2020/status/1526410643238273025,1526410643238273e3,"Itâ€™s important in life to understand where this gift is coming from. Itâ€™s not yours, not mine â€” it was given to us.  Use what I have; use what you have â€” to help *others*. You canâ€™t take it with you in the hearse. But you can leave it w/ others.  Itâ€™s not a U-Haul. Itâ€™s a hearse. <!--1526410643238273025-->",TRUE
2022-05-06,https://web.archive.org/web/20220506183316/https://twitter.com/JD_2020/status/1522644438983524353,1522644438983524400,"â€œBut Josh thatâ€™s not fair what if theyâ€™re just victims of the con, too?â€  Maybe maybe not. Regardless, theyâ€™re now commercializing their large platforms. That should carry extra responsibility.  Imagine if there were malpractice insurance. Every screw up hikes their premium. <!--1522644438983524353-->",TRUE
2022-04-30,https://web.archive.org/web/20220430101235/https://twitter.com/JD_2020/status/1520345211494359040,1520345211494359e3,Looks like  @shift_token  &  @saddlefinance  got got ğŸ˜•  #GetTheFraudOut  https://twitter.com/i/spaces/1RDGlgdzmBrKL <!--1520345211494359040-->,TRUE
2022-04-27,https://web.archive.org/web/20220427014748/https://twitter.com/JD_2020/status/1519131046561861637,1519131046561861600,"Whatâ€™s a shadow-ban look like on a 14-years loyal  @Verified  account with 100k followers (purely organic), whoâ€™s spent hundred of thousands of dollars through their ad platform throughout his career?  @elonmusk   @TwitterSupport   @jack  pic.twitter.com/Ba0oKspy81 <!--1519131046561861637-->",TRUE
2022-04-26,https://web.archive.org/web/20220426092457/https://twitter.com/JD_2020/status/1518883717724491777,1518883717724491800,"â€¦ read this back to yourself, and see if it makes any sense to yourself.  Thus makes me sorry for your wellness dude. I may not keep engaging with you just as a precautionâ€¦. <!--1518883717724491777-->",TRUE
2022-04-25,https://web.archive.org/web/20220425234306/https://twitter.com/JD_2020/status/1518737205493178368,1518737205493178400,Scenario: An improperly off-boarded former employee who still maintained super admin control over one of your socials is notified and politely asked to transfer ownership back.  Instead she deletes it ğŸ¤¦ğŸ»â€â™‚ï¸  Do you warn the space about this volatility? Or will she cry harassment. <!--1518737205493178368-->,TRUE
2022-04-25,https://web.archive.org/web/20220425135504/https://twitter.com/JD_2020/status/1518589234784911362,1518589234784911400,First attempt rugged. Take 2!  #crypto   #nft    https://twitter.com/i/spaces/1mrxmaRNbmgxy <!--1518589234784911362-->,TRUE
2022-04-25,https://web.archive.org/web/20220425134853/https://twitter.com/JD_2020/status/1518587748843941888,1518587748843942e3,ğŸ¤”ğŸ¤¯ğŸ¤¯  #crypto   #nft   https://twitter.com/i/spaces/1BRJjnrVjXVJw <!--1518587748843941888-->,TRUE
2022-04-14,https://web.archive.org/web/20220414210312/https://twitter.com/JD_2020/status/1514710824664899594,1514710824664899600,Join me in my Space! https://twitter.com/i/spaces/1OyJADdbNWqGb <!--1514710824664899594-->,TRUE
2022-04-13,https://web.archive.org/web/20220413100715/https://twitter.com/JD_2020/status/1514183194748276737,1514183194748276700,Resale <!--1514183194748276737-->,TRUE
2022-04-12,https://web.archive.org/web/20220412220346/https://twitter.com/JD_2020/status/1514001272575303689,1514001272575303700,Going live on telegram to talk important Rug Radar launch deets http://t.me/DumpBuster <!--1514001272575303689-->,TRUE
2022-04-05,https://web.archive.org/web/20220405050928/https://twitter.com/JD_2020/status/1511209065577435136,1511209065577435100,Anyone in the  #NFT  game got any alpha on these ghosts? https://opensea.io/assets/0xa74ae2c6fca0cedbaef30a8ceef834b247186bcf/5699/ <!--1511209065577435136-->,TRUE
2022-04-02,https://web.archive.org/web/20220402091906/https://twitter.com/JD_2020/status/1510184794092621830,1510184794092621800,April Fools! Russ is totally legit.  â€¦â€¦ <!--1510184794092621830-->,TRUE
2022-04-02,https://web.archive.org/web/20220402071507/https://twitter.com/JD_2020/status/1510153584855420935,1510153584855421e3,Dick pick pic.twitter.com/6HuztnvClZ <!--1510153584855420935-->,TRUE
2022-04-01,https://web.archive.org/web/20220401111840/https://twitter.com/JD_2020/status/1509852538396454915,1509852538396455e3,Phone died ğŸ¤¦ğŸ»â€â™‚ï¸ Part Deux  #Crypto   #NFT   #DeFi  https://twitter.com/i/spaces/1mnGedmqVlAKX <!--1509852538396454915-->,TRUE
2022-03-28,https://web.archive.org/web/20220328091415/https://twitter.com/JD_2020/status/1508371810773045250,1508371810773045200,Will Smithâ€™s career low at    Twitter:  â€œWhat if Rock was white?â€ â€œWhat if Smith was white?â€ â€œWould Will have acted differently with a woman host?â€ â€œHad he smacked a woman host heâ€™d be in jail.â€ â€œWhat if Jada smacked Chris?â€ â€œA woman comic would have never made that joke.â€ pic.twitter.com/UNv1RlaW1V <!--1508371810773045250-->,TRUE
2022-03-24,https://web.archive.org/web/20220324154838/https://twitter.com/JD_2020/status/1507021183396376585,1507021183396376600,"Every tweet youâ€™ve ever written and ever will write, is already in their database. <!--1507021183396376585-->",TRUE
2022-03-24,https://web.archive.org/web/20220324154641/https://twitter.com/JD_2020/status/1507020559472758799,1507020559472758800,"This is a little weird. This site has everything thatâ€™s ever been written and ever *will be* written, already written and indexed out to 3200 characters.  So every joke ever â€œwrittenâ€ is basicallyâ€¦.. plagiarized ğŸ¤’ğŸ¤’ğŸ¤’ <!--1507020872497844226-->",TRUE
2022-03-24,https://web.archive.org/web/20220324154641/https://twitter.com/JD_2020/status/1507020559472758799,1507020559472758800,God dammitâ€¦. Im getting sucked in.   https://libraryofbabel.info <!--1507020559472758799-->,TRUE
2022-03-05,https://web.archive.org/web/20220305170859/https://twitter.com/JD_2020/status/1500155681202126849,1500155681202126800,I certainly donâ€™t feel a racial bond the way  @marclamonthill  describes. But wouldnâ€™t it be ungrateful to not appreciate lower stress levels around cops?  Its no Like tho. And I lament my black friends might have terror conditioned into them thru life ğŸ˜“ https://youtube.com/shorts/9GghRW8ECVk?feature=share <!--1500155681202126849-->,TRUE
2022-03-04,https://web.archive.org/web/20220304174650/https://twitter.com/JD_2020/status/1499803445058015237,1499803445058015200,"This is going to crash really, really hardâ€¦. Be careful, fighters ğŸ¤¦ğŸ»â€â™‚ï¸ <!--1499803445058015237-->",TRUE
2022-02-09,https://web.archive.org/web/20220209032705/https://twitter.com/JD_2020/status/1491250985926557702,1491250985926557700,Letâ€™s talk about perhaps the biggest news story in  #crypto  that didnâ€™t trend today. And why itâ€™s so important to me https://twitter.com/i/spaces/1ypJdEobgmjxW <!--1491250985926557702-->,TRUE
2022-01-15,https://web.archive.org/web/20220115030351/https://twitter.com/JD_2020/status/1482185445488435201,1482185445488435200,â€œOOOOOPS!!â€  How Iâ€™m handling interruptions from now on ğŸ˜‚ğŸ˜‚ğŸ¤£  @chrisdelia   @bryancallen   @BrendanSchaub  pic.twitter.com/V8pzW6Soxk <!--1482185445488435201-->,TRUE
2022-01-12,https://web.archive.org/web/20220112204827/https://twitter.com/JD_2020/status/1481366210868662295,1481366210868662300,"Maybe we can connect, weâ€™re prepping our 2021 Rug Rebate airdrop  at  @Dump_Buster  ğŸ¤™ pic.twitter.com/Ad5thsCW17 <!--1481366210868662295-->",TRUE
2022-01-06,https://web.archive.org/web/20220106153321/https://twitter.com/JD_2020/status/1479113815228702726,1479113815228702700,This poll got botted clearly <!--1479113815228702726-->,TRUE
2022-01-06,https://web.archive.org/web/20220106151829/https://twitter.com/JD_2020/status/1479108780532985856,1479108780532985900,Whoâ€™s funnier tho <!--1479108780532985856-->,TRUE
2022-01-05,https://web.archive.org/web/20220105104234/https://twitter.com/JD_2020/status/1478676997463285764,1478676997463285800,@VoxelXnetwork  Backup space? <!--1478677347830308864-->,TRUE
2022-01-05,https://web.archive.org/web/20220105104234/https://twitter.com/JD_2020/status/1478676997463285764,1478676997463285800,Join me in my Space! https://twitter.com/i/spaces/1MYGNnDpQXbGw <!--1478676997463285764-->,TRUE
2022-01-05,https://web.archive.org/web/20220105100708/https://twitter.com/JD_2020/status/1478668102724464640,1478668102724464600,https://twitter.com/i/spaces/1zqKVBDrvQmKB <!--1478668102724464640-->,TRUE
2022-01-05,https://web.archive.org/web/20220105081722/https://twitter.com/JD_2020/status/1478640466723807232,1478640466723807200,I think Twitterâ€™s incentive for impulsivity is probably linked to the character constraint on tweets.  The question is â€” is it evolving a more impulsive society? Or is it sharpening a crop of thought leaders through the standard daily population of angry people having bad days ğŸ¤” <!--1478640466723807232-->,TRUE
2021-12-22,https://web.archive.org/web/20211222182803/https://twitter.com/JD_2020/status/1473720725949329415,1473720725949329400,pic.twitter.com/MGdHRgYj1b <!--1473720725949329415-->,TRUE
2021-11-15,https://web.archive.org/web/20211115075104/https://twitter.com/JD_2020/status/1460153335357460484,1460153335357460500,Life is irony. <!--1460153335357460484-->,TRUE
2021-11-15,https://web.archive.org/web/20211115033532/https://twitter.com/JD_2020/status/1460089006734073857,1460089006734073900,Delayed 1 hour <!--1460089006734073857-->,TRUE
2021-10-30,https://web.archive.org/web/20211030220357/https://twitter.com/JD_2020/status/1454569751112556546,1454569751112556500,"@elonmusk  I live in a big city with all sorts of chance encounters with other drivers to set off alerts or require a hard braking in my Teslaâ€¦  So my safety score is a 90, due to a few scattered bad days really dragging me down.  Just how deep in the FSDqueue you think I am? ğŸ˜®â€ğŸ’¨ <!--1454569751112556546-->",TRUE
2021-10-15,https://web.archive.org/web/20211015003248/https://twitter.com/JD_2020/status/1448808989920219138,1448808989920219100,"Imagine what happens when accessibility and consumer trust in  cascades rapidly, and all the customers a brand would typically accumulate over 50-100 years coke in the span of just 10, because theyâ€™ve already got the prior 10yrs hearing about it.  Thatâ€™s NEW. <!--1448808989920219138-->",TRUE
2021-09-26,https://web.archive.org/web/20210926214915/https://twitter.com/JD_2020/status/1442244862145753095,1442244862145753e3,"Saw the same thing happen with  $VEMP , and other tokenized ERC-20 Ethereum projects ğŸ¤” pic.twitter.com/Xyw40Vdwck <!--1442244862145753095-->",TRUE
2021-09-26,https://web.archive.org/web/20210926213139/https://twitter.com/JD_2020/status/1442240409657217032,1442240409657217e3,@mskvsk   @mcuban   @VitalikButerin   @YieldGuild   @girlgone_crypto <!--1442240409657217032-->,TRUE
2021-09-26,https://web.archive.org/web/20210926212952/https://twitter.com/JD_2020/status/1442239993779351554,1442239993779351600,"A starkly one-sided arbitrage pattern has emerged thanks to tech weâ€™re designing for  @Dump_Buster  â€”  1. DeFi tokens pump early 2. CEXâ€™s let them fund a MM account 3. Lots of wallets buy IN from the exchange, cash OUT thru Uniswap LP  Price action slow bleeds at the expense of LP pic.twitter.com/BK0oDvg1Ya <!--1442239993779351554-->",TRUE
2021-08-30,https://web.archive.org/web/20210830023145/https://twitter.com/JD_2020/status/1432167114668924933,1432167114668925e3,ğŸ¤’ <!--1432167313143476225-->,TRUE
2021-08-30,https://web.archive.org/web/20210830023145/https://twitter.com/JD_2020/status/1432167114668924933,1432167114668925e3,9/11 <!--1432167114668924933-->,TRUE
2021-08-28,https://web.archive.org/web/20210828103527/https://twitter.com/JD_2020/status/1431566046125858822,1431566046125858800,God I canâ€™t imagine your DM inbox right now. And that shit needs to be talked about because itâ€™s s ATH behavior ğŸ˜…ğŸ˜… <!--1431566046125858822-->,TRUE
2021-08-22,https://web.archive.org/web/20210823100633/https://twitter.com/JD_2020/status/1429478238057861128,1429478238057861e3,ğŸ¤£ğŸ¤£ğŸ¤£ dead ğŸ¤£ğŸ¤£ğŸ¤£  #nba   #Commentary   #failarmy  pic.twitter.com/6tQq88hA5Y <!--1429478238057861128-->,TRUE
2021-08-21,https://web.archive.org/web/20210822191158/https://twitter.com/JD_2020/status/1429131818880667657,1429131818880667600,This is why AI is central to our tech stack at  @Dump_Buster  ğŸ¤™ğŸ¤™ https://twitter.com/mcuban/status/1428853257405931520 <!--1429131818880667657-->,TRUE
2021-08-21,https://web.archive.org/web/20210821223331/https://twitter.com/JD_2020/status/1429065405239332871,1429065405239332900,I know you donâ€™t wanna think about thisâ€¦. But everything this guy just said is honestly a surprisingly popular opinion across his district.  Gassed up of course by conservative media.  But it all comes back to malleable minds. Fortify youâ€™re minds please. <!--1429065405239332871-->,TRUE
2021-08-20,https://web.archive.org/web/20210820131321/https://twitter.com/JD_2020/status/1428686528050614277,1428686528050614300,"Today, in ""This will definitely work very well, for sure....""  ğŸ¤¨  âš¡ï¸ â€œOnlyFans is banning sexually explicit contentâ€ by  @inputmag  https://twitter.com/i/events/1428423504991604738 <!--1428686528050614277-->",TRUE
2021-07-28,https://web.archive.org/web/20210728172045/https://twitter.com/JD_2020/status/1420434008647901184,1420434008647901200,Always gotta be â€œdifficultâ€ huh?â€¦â€¦â€¦ <!--1420434008647901184-->,TRUE
2021-07-21,https://web.archive.org/web/20210721165715/https://twitter.com/JD_2020/status/1417890959577292802,1417890959577292800,Emotionally exhausted  #crypto  traders watching the market pumping right now fully anticipating the fake-outâ€¦. pic.twitter.com/O0rmMwHoSD <!--1417890959577292802-->,TRUE
2021-07-17,https://web.archive.org/web/20210717192459/https://twitter.com/JD_2020/status/1416478947529969673,1416478947529969700,#Crypto   #DeFi   #erc20  ğŸ“£ğŸ“£ğŸ“£ https://twitter.com/dump_buster/status/1416478701504585728 <!--1416478947529969673-->,TRUE
2021-07-16,https://web.archive.org/web/20210716000125/https://twitter.com/JD_2020/status/1415823828131975171,1415823828131975200,https://twitter.com/i/spaces/1gqGvolbyylJB <!--1415823828131975171-->,TRUE
2021-07-11,https://web.archive.org/web/20210711030114/https://twitter.com/JD_2020/status/1414057070702305281,1414057070702305300,"ğŸ¤­ğŸ˜®â€ğŸ’¨ Iâ€™ve never seen anything like that fight before â€”Kris Moutinho ate 177 punches to the head. Oâ€™Malley landed an unbelievable 80% of his strikes. And like the T-1000, Moutinho just kept advancing. He looked like a bobblehead at times. Wouldâ€¦â€¦ notâ€¦ relent ğŸ¥´ğŸ‘ğŸ‘ğŸ‘  #UFC264  pic.twitter.com/mSfs71PgLo <!--1414057070702305281-->",TRUE
2021-07-10,https://web.archive.org/web/20210710215235/https://twitter.com/JD_2020/status/1413979456050454528,1413979456050454500,Grats PEEPS! https://twitter.com/thepeoples_coin/status/1413979323632128000 <!--1413979456050454528-->,TRUE
2021-07-10,https://web.archive.org/web/20210710134944/https://twitter.com/JD_2020/status/1413857888456544258,1413857888456544300,â€¦â€¦ Elonâ€¦. Youâ€™re a monster.  #FSDpls   #twoweeks   #betabutton  pic.twitter.com/RjccjLJz4W <!--1413857888456544258-->,TRUE
2021-07-07,https://web.archive.org/web/20210707030942/https://twitter.com/JD_2020/status/1412609693973889026,1412609693973889e3,$PEEPS  has some of the healthiest price action for a DeFi token launch Iâ€™ve seen in a long time. Partially thanks to not over-cooking the pre-launch marketing hype.    https://www.dextools.io/app/uniswap/pair-explorer/0x6cbcd84abcfbb411426dc21a621fe9a68b985bf4  |  #crypto   #defi  ğŸ‘ŒğŸ‘ŒğŸ‘Œ https://twitter.com/davidgokhshtein/status/1411334529848127493 <!--1412609693973889026-->,TRUE
2021-07-05,https://web.archive.org/web/20210705091653/https://twitter.com/JD_2020/status/1411977270789562368,1411977270789562400,And there it is.....  https://www.dextools.io/app/uniswap/pair-explorer/0xf10b661ebd81f3098ebd77639ca975a52bc4140b  $FreeBritney  #DeFi   #crypto  https://twitter.com/elonmusk/status/1411945961815826432 <!--1411977270789562368-->,TRUE
2021-07-02,https://web.archive.org/web/20210702045758/https://twitter.com/JD_2020/status/1410824970595299331,1410824970595299300,"4 hours ago someone bought 600,000 Ethereum from Binance? ğŸ¤”ğŸ¥´  #crypto   @BarrySilbert    â€”>  https://etherscan.io/address/dee6238780f98c0ca2c2c28453149bea49a3abc9  pic.twitter.com/1EjZSzoYsi <!--1410824970595299331-->",TRUE
2021-07-02,https://web.archive.org/web/20210702045649/https://twitter.com/JD_2020/status/1410824739036315650,1410824739036315600,"4 hours ago someone bought 600,000 Ethereum from Binance? ğŸ¤”ğŸ¥´  #crypto   @BarrySilbert  pic.twitter.com/Yk2znclzpp <!--1410824739036315650-->",TRUE
2021-06-26,https://web.archive.org/web/20210626173825/https://twitter.com/JD_2020/status/1408798920562593797,1408798920562593800,"Got a sneaking suspicion  $BTC  is going to begin its rebound up finally today ğŸ˜®â€ğŸ’¨  Beginning in around noon ET, maybe ğŸ¤”ğŸ˜ <!--1408798920562593797-->",TRUE
2021-06-21,https://web.archive.org/web/20210622063604/https://twitter.com/JD_2020/status/1406849372281839616,1406849372281839600,Prediction:  $BTC  about to move up BIG. 12-24 hours.  #NotFinancialAdvice <!--1406849372281839616-->,TRUE
2021-06-19,https://web.archive.org/web/20210619002210/https://twitter.com/JD_2020/status/1406044580131258371,1406044580131258400,"Dear Intern,  Maximize this moment. Start creative or useful thing immediately, not perfect. Morning show appearance. Podcasts. NFT of your favorite responses. Call  @JimmyKimmelLive  booker line. Pitch a Mean Tweets segment.  Capture maximum value from mistakes. ğŸ¤Ÿ <!--1406044580131258371-->",TRUE
2021-06-17,https://web.archive.org/web/20210617223900/https://twitter.com/JD_2020/status/1405656162398244867,1405656162398244900,And so forth. All of this will be formalized and operationalized through the service my team and I are building.  More to come. But would welcome discussion below! /Thread <!--1405656162398244867-->,TRUE
2021-06-17,https://web.archive.org/web/20210617022840/https://twitter.com/JD_2020/status/1405351617390682113,1405351617390682e3,Like FSD? pic.twitter.com/XNJqTm2lfa <!--1405351617390682113-->,TRUE
2021-06-16,https://web.archive.org/web/20210616212753/https://twitter.com/JD_2020/status/1405275949600448513,1405275949600448500,$AWF  lists on LBank tonight ğŸ¤” and is near its all time low? ğŸ¤” ğŸ¤·ğŸ»â€â™‚ï¸  #crypto  https://twitter.com/alphawolfinance/status/1404802363114901511 <!--1405275949600448513-->,TRUE
2021-06-09,https://web.archive.org/web/20210609090441/https://twitter.com/JD_2020/status/1402552006254944256,1402552006254944300,https://twitter.com/jimcramer/status/1402549207106568193  pic.twitter.com/sDmPUsN4lo <!--1402552006254944256-->,TRUE
2021-06-08,https://web.archive.org/web/20210608154836/https://twitter.com/JD_2020/status/1402286438532665344,1402286438532665300,â€œWhen I think I can overcomeâ€¦. It runs even deeper.â€ -Trent Reznor  Time for the  #crypto  community to confront the reality that even De-Fi is now completely under the control of market manipulators and institutions.  Whatâ€™s the point then? ğŸ¤”   Twice on one month man. Woof. <!--1402286438532665344-->,TRUE
2021-06-08,https://web.archive.org/web/20210608033224/https://twitter.com/JD_2020/status/1402106037478453268,1402106037478453200,Elon? Comment? ğŸ¤’ğŸ™  @elonmusk  pic.twitter.com/CNXxSUhfws <!--1402106037478453268-->,TRUE
2021-06-04,https://web.archive.org/web/20210604103014/https://twitter.com/JD_2020/status/1400760904426438659,1400760904426438700,"Are there any cosplayers or Instagram models out there viewing the OnlyFans arms race as a negative? The more and more lewd the peers around you get, the lewder your content must become to stay â€œcompetitiveâ€? ğŸ¤” Honestly looking for feedback here. <!--1400760904426438659-->",TRUE
2021-06-04,https://web.archive.org/web/20210604093855/https://twitter.com/JD_2020/status/1400748169177206785,1400748169177206800,Wow. Thisâ€™ll be big. ğŸš€ğŸ¤¯ https://twitter.com/playpalia/status/1400453631854346270 <!--1400748169177206785-->,TRUE
2021-06-03,https://web.archive.org/web/20210603155833/https://twitter.com/JD_2020/status/1400476759955546118,1400476759955546e3,Pretty cheap rn. Iâ€™m impressed with this teamâ€™s transition from meme coin to culture coin w/ actual value. Theyâ€™re trying new things and really involving the community. Check it out if youâ€™re into  #crypto  and want to get in early on something potentially huge! ğŸ¤˜ğŸ”¥ğŸš€ https://twitter.com/ethereum_max/status/1400464189173338115 <!--1400476759955546118-->,TRUE
2021-05-30,https://web.archive.org/web/20210530181703/https://twitter.com/JD_2020/status/1399065791077703686,1399065791077703700,Welcome aboard the  $eMax  train  @KimKardashian  ğŸ¥³ğŸš€ğŸš€ğŸ¤¯  @ethereum_max  pic.twitter.com/2vj8zDMM3n <!--1399065791077703686-->,TRUE
2021-05-26,https://web.archive.org/web/20210526165257/https://twitter.com/JD_2020/status/1397596490252619777,1397596490252619800,God* lol but that also worked I guess ğŸ¤— <!--1397596614148206598-->,TRUE
2021-05-26,https://web.archive.org/web/20210526165257/https://twitter.com/JD_2020/status/1397596490252619777,1397596490252619800,Dear bodâ€¦ <!--1397596490252619777-->,TRUE
2021-05-25,https://web.archive.org/web/20210525225845/https://twitter.com/JD_2020/status/1397326228496031748,1397326228496031700,Glad I picked this coin up. You should too ğŸš€ğŸš€ğŸ‘ https://twitter.com/ethereum_max/status/1396875876063657984 <!--1397326228496031748-->,TRUE
2021-05-20,https://web.archive.org/web/20210520214407/https://twitter.com/JD_2020/status/1395359675080658948,1395359675080659e3,Oh no the sky is falling!! pic.twitter.com/rvFnDaCodc <!--1395359675080658948-->,TRUE
2021-05-16,https://web.archive.org/web/20210516034700/https://twitter.com/JD_2020/status/1393772721243398149,1393772721243398100,"Please identify the paradox to any trading system or signals engine claiming to consistently win â€” If that existed, weâ€™d all see the ad eventually and all be rich.  Gotta do the hard work to trade. Otherwise, save your money elsewhere. https://twitter.com/blackboxstocks/status/1390390623665070086 <!--1393772721243398149-->",TRUE
2021-05-11,https://web.archive.org/web/20210511222940/https://twitter.com/JD_2020/status/1392245499336527874,1.3922454993365279e+18,https://twitter.com/i/spaces/1MYGNmdmmeRKw <!--1392245499336527874-->,TRUE
2021-05-01,https://web.archive.org/web/20210501045357/https://twitter.com/JD_2020/status/1388355855293296640,1388355855293296600,The first billion dollar NFT? <!--1388355855293296640-->,TRUE
2021-04-30,https://web.archive.org/web/20210430080333/https://twitter.com/JD_2020/status/1388041218068783106,1388041218068783e3,You still bullish on  $PLUG  Jim? <!--1388041218068783106-->,TRUE
2021-04-30,https://web.archive.org/web/20210430005235/https://twitter.com/JD_2020/status/1387932862679224320,1387932862679224300,@xPietrik Itâ€™s been the core pillar of my game for 30+ years but where has it gotten me? ğŸ˜…ğŸ¤·ğŸ»â€â™‚ï¸ <!--1387932862679224320-->,TRUE
2021-04-29,https://web.archive.org/web/20210429234548/https://twitter.com/JD_2020/status/1387915857536425985,1387915857536426e3,ğŸ¤”ğŸ¤”ğŸ¤”ğŸ¤”ğŸ¤”ğŸ¤”  @mcuban   @elonmusk  pic.twitter.com/tNpJkJ1xmg <!--1387915857536425985-->,TRUE
2021-04-29,https://web.archive.org/web/20210429163552/https://twitter.com/JD_2020/status/1387799534600863748,1387799534600863700,No concerns about further value resets? <!--1387799534600863748-->,TRUE
2021-04-29,https://web.archive.org/web/20210429122509/https://twitter.com/JD_2020/status/1387744638883270659,1387744638883270700,Lupus Funk should be your stage name tho. <!--1387744638883270659-->,TRUE
2021-04-29,https://web.archive.org/web/20210429114344/https://twitter.com/JD_2020/status/1387734275814875136,1387734275814875100,"Itâ€™s just a one line draft, and yet still nothing half-assed from the creator of mine-craft. <!--1387734275814875136-->",TRUE
2021-04-29,https://web.archive.org/web/20210429120524/https://twitter.com/JD_2020/status/1387731886282248193,1387731886282248200,"Wanna join a Twitter spaces chat about shadowbanning and the like? And the war on cosplayers, models, and adult entertainers? <!--1387731886282248193-->",TRUE
2021-04-29,https://web.archive.org/web/20210429032458/https://twitter.com/JD_2020/status/1387608660709462017,1387608660709462e3,"The key is to trick your body to build immune defenses ahead of time, so itâ€™s prepared for the virus when it first enters you. HOW we do that is the hard part, but well studied and understood now, as are the side effects.  The bug we use at that point isnâ€™t any more consequential <!--1387608660709462017-->",TRUE
2021-04-24,https://web.archive.org/web/20210424045203/https://twitter.com/JD_2020/status/1385818656718917635,1385818656718917600,"I mean it isn't really an opinion whether BTC has created value and increased prosperity, it's just observed and measured reality.  I'm all for alts if they serve a need that BTC can't. But imagine... what good would a bunch of off-brand dollars do alongside the US dollar? <!--1385818656718917635-->",TRUE
2021-04-23,https://web.archive.org/web/20210423232905/https://twitter.com/JD_2020/status/1385737482680082434,1385737482680082400,"Why does  @R_Wall  purport in the video that the upcoming FSD isn't even truly ""full self driving"" and amounts to just further-enhanced driver-assist tech? I get that the site has a disclaimer insisting drivers remain engaged, but... it *is* in fact fully self-driving in FSD <!--1385737482680082434-->",TRUE
2021-04-20,https://web.archive.org/web/20210420011646/https://twitter.com/JD_2020/status/1384314995975016451,1384314995975016400,https://twitter.com/jd_2020/status/1384223697611812869 <!--1384314995975016451-->,TRUE
2021-04-16,https://web.archive.org/web/20210416091024/https://twitter.com/JD_2020/status/1382984626277384192,1382984626277384200,$PLBY <!--1382984626277384192-->,TRUE
2021-04-16,https://web.archive.org/web/20210416013254/https://twitter.com/JD_2020/status/1382869479357624321,1382869479357624300,I find people (men or women) who paint others with and self identify by archetypes fail to add value to my life and donâ€™t end up in my orbit for long.  Weâ€™re only going to get creativity and innovation from open mindedness and exploration. I champion your ideals every day! <!--1382869479357624321-->,TRUE
2021-04-15,https://web.archive.org/web/20210415204034/https://twitter.com/JD_2020/status/1382795930987020291,1382795930987020300,What a legend ğŸ˜…ğŸ™‡ğŸ»â€â™‚ï¸ <!--1382795930987020291-->,TRUE
2021-04-11,https://web.archive.org/web/20210411083632/https://twitter.com/JD_2020/status/1381164250064949249,1381164250064949200,@CalebRythem @Timcast There I updated it for you ğŸ™‚ <!--1381164250064949249-->,TRUE
2021-04-11,https://web.archive.org/web/20210411015332/https://twitter.com/JD_2020/status/1381062670489677824,1381062670489677800,ğŸ¤”ğŸ¤”ğŸ¤«  @coinbase  ainâ€™t playin. pic.twitter.com/507xDQSKZF <!--1381062670489677824-->,TRUE
2021-04-09,https://web.archive.org/web/20210409153230/https://twitter.com/JD_2020/status/1380543807477973002,1380543807477973e3,Top 3 changes to smartphone & app UX necessary to keep up? ğŸ¤” <!--1380543807477973002-->,TRUE
2021-03-31,https://web.archive.org/web/20210331021102/https://twitter.com/JD_2020/status/1377080801129607168,1377080801129607200,@jimcramer  hey Jim why doesnâ€™t anybody talk about the market correction for what it is? A completely made and manipulated â€” measured pullback â€” to throttle runaway valuations from all this stimulus hitting the streets?  We still write articles like â€œwhatâ€™s causing  $XYZ  to dipâ€ ğŸ¤¦ğŸ»â€â™‚ï¸ <!--1377080801129607168-->,TRUE
2021-03-30,https://web.archive.org/web/20210330225002/https://twitter.com/JD_2020/status/1377030309687005189,1377030309687005200,But then youâ€™ll block me!! ğŸ™‰ğŸ™ˆ <!--1377030309687005189-->,TRUE
2021-03-24,https://web.archive.org/web/20210324030506/https://twitter.com/JD_2020/status/1374557783476031491,1374557783476031500,Itâ€™s gotten to that point where I can see my beard in my peripheral vision ğŸ™‰ Itâ€™s totally out of control.  I think itâ€™s made me â€” over-all â€” less kissable. And thatâ€™s super upsetting because that used to be central to my game ğŸ¤¦ğŸ»â€â™‚ï¸ <!--1374557783476031491-->,TRUE
2021-03-22,https://web.archive.org/web/20210322061741/https://twitter.com/JD_2020/status/1373881512421122048,1373881512421122e3,"As a marketer, he is the P90X to my Bowflex. The Roadster to my Pinto. The Aviation Gin to Wolverineâ€™s Manly Mans whatever it was. <!--1373881512421122048-->",TRUE
2021-03-22,https://web.archive.org/web/20210322061022/https://twitter.com/JD_2020/status/1373879653530763264,1373879653530763300,"@VancityReynolds , obviously ğŸ¿ <!--1373879653530763264-->",TRUE
2021-03-22,https://web.archive.org/web/20210322050159/https://twitter.com/JD_2020/status/1373862469576310788,1373862469576310800,What ever did we do before Shazam or Google? Oh yeah the CDâ€™s and cassettes had that microscopic-print lyric inserts sometimes! <!--1373862469576310788-->,TRUE
2021-03-22,https://web.archive.org/web/20210322045653/https://twitter.com/JD_2020/status/1373861184127053824,1373861184127053800,Remember: A scrub is a guy that thinks heâ€™s fly.  See also: â€˜bustaâ€™ <!--1373861184127053824-->,TRUE
2021-03-22,https://web.archive.org/web/20210322015827/https://twitter.com/JD_2020/status/1373816199390363651,1373816199390363600,"Yeah, people are wayyyyy too sensitive about â€œbeing told what to do.â€ I see people struggling with their own ego. Itâ€™s not about controlling oneâ€™s speech. But if doing something that literally costs you nothing can profoundly improve their life..... Why *wouldnâ€™t* you?? ğŸ˜“ <!--1373816199390363651-->",TRUE
2021-03-19,https://web.archive.org/web/20210319040225/https://twitter.com/JD_2020/status/1372760316640043010,1372760316640043e3,Deepfake <!--1372760316640043010-->,TRUE
2021-03-19,https://web.archive.org/web/20210319035222/https://twitter.com/JD_2020/status/1372757699499159559,1372757699499159600,Wtf.... I did not mean to reply to this tweet with â€œlolâ€ a minute ago ğŸ˜ I thought I hit reply to a different tweet.  So sorry ğŸ˜“ <!--1372757699499159559-->,TRUE
2021-03-19,https://web.archive.org/web/20210319034912/https://twitter.com/JD_2020/status/1372756930897137678,1372756930897137700,Lol <!--1372756930897137678-->,TRUE
2021-03-06,https://web.archive.org/web/20210306221535/https://twitter.com/JD_2020/status/1368324037609422851,1368324037609422800,Iâ€™m verifying my Twitter account with  @rariblecom . Check out my profile:   https://app.rarible.com/user/0x9c1faea2b5ec2e0f85ee21ae8571a3557a070720/onsale <!--1368324037609422851-->,TRUE
2021-02-27,https://web.archive.org/web/20210227024813/https://twitter.com/JD_2020/status/1365492325326196744,1365492325326196700,"Realize that most people are woefully underprepared and outmatched on there. Features posing as user friendly are actually fleecing them of their stimulus. (Simplified options, flashy %â€™s, top movers lists, etc).  But we spend less money in quarantine, so why not invest! ğŸ˜• <!--1365492327100334081-->",TRUE
2021-02-27,https://web.archive.org/web/20210227024813/https://twitter.com/JD_2020/status/1365492325326196744,1365492325326196700,Govâ€™t is effectively laundering money directly to Wall Street through stimulus payments funded by your own tax dollars you sent them last year.  Iâ€™ve never seen anything like it before ğŸ¤¯ğŸ¤¯ğŸ¤¯ And I donâ€™t seem anyone talking about it like this.  @mcuban <!--1365492326219546627-->,TRUE
2021-02-27,https://web.archive.org/web/20210227024813/https://twitter.com/JD_2020/status/1365492325326196744,1365492325326196700,I wonder if itâ€™s even calculable ğŸ¤” â€” The percentage of government stimulus thatâ€™s been sent out to middle and lower class Americans that gets funneled right to the top 1% via smartphone investing apps ğŸ¤” <!--1365492325326196744-->,TRUE
2021-02-18,https://web.archive.org/web/20210218195052/https://twitter.com/JD_2020/status/1362489711336558596,1362489711336558600,Now I'm not sure regulation is the answer here... But we have to have this conversation. People download trading apps thinking it's built for us... But it's not designed for retailers. It's designed for (and sometimes funded by) institutions. /4  @mcuban   @ewarren   @noam <!--1362489716138999810-->,TRUE
2021-02-18,https://web.archive.org/web/20210218195052/https://twitter.com/JD_2020/status/1362489711336558596,1362489711336558600,"These apps are arguably the *best thing* that has happened for Wall Street institutions -- maybe, ever. They usher fresh meat retailers, under-prepared, over-matched, with fresh stimulus checks in their bank accounts for fleecing.  And they're scary good at it. /3 <!--1362489715333746688-->",TRUE
2021-02-18,https://web.archive.org/web/20210218195052/https://twitter.com/JD_2020/status/1362489711336558596,1362489711336558600,"Whether these manipulations are maliciously employed by app makers or not, Free Stock slot machines, ""Daily Movers"" lists that show trends already passed -- these things can hurt Average Joe retailer with subconscious FOMO.  Big Wall Street can weaponize these things. /2 <!--1362489713836318728-->",TRUE
2021-02-18,https://web.archive.org/web/20210218195052/https://twitter.com/JD_2020/status/1362489711336558596,1362489711336558600,"On the topic of democratization of stock market trading apps -- Game designers, social media platform designers should agree -- there are de facto gamification features present in trading apps designed to entice and attract retailer behavior.  @jahimes   @AOC   @elonmusk  /Thread 1 <!--1362489711336558596-->",TRUE
2021-02-13,https://web.archive.org/web/20210213201120/https://twitter.com/JD_2020/status/1360682958315790336,1360682958315790300,"This burned me several couple times with work. I found deep fulfillment through my work, that when it was taken from me for reasons not in my control â€” like a studio closure, or corp restructuring â€” it hit hard.  I learned I like being of value. That doesnâ€™t need to be a job ğŸ¤¯âœŠ <!--1360682958315790336-->",TRUE
2021-02-13,https://web.archive.org/web/20210213192546/https://twitter.com/JD_2020/status/1360671476282777603,1360671476282777600,Long/Short/Burn â€” whaddya do? ğŸ¤—  WPRT SILC AIRG <!--1360671476282777603-->,TRUE
2021-02-07,https://web.archive.org/web/20210207230913/https://twitter.com/JD_2020/status/1358553389609725953,1358553389609726e3,@Marzzzzzy  I have fallen in love with more than one person at a time before.... Was an extremely difficult experience that I didnâ€™t ask for and couldnâ€™t help ğŸ˜“ <!--1358553389609725953-->,TRUE
2021-02-06,https://web.archive.org/web/20210206164525/https://twitter.com/JD_2020/status/1358094387138428938,1358094387138429e3,"Iâ€™m so sorry for your familyâ€™s loss Nick. I also applaud the overwhelmingly positive example you are setting in your note. I think itâ€™s incredibly healthy, and I aspire to cultivate kind of love you and Debbie must have had to forge such fortitude â¤ï¸ <!--1358094387138428938-->",TRUE
2021-02-06,https://web.archive.org/web/20210206021853/https://twitter.com/JD_2020/status/1357876238489157633,1357876238489157600,Iâ€™ve kept receipts.... <!--1357876238489157633-->,TRUE
2021-02-06,https://web.archive.org/web/20210206021227/https://twitter.com/JD_2020/status/1357874737331007490,1357874737331007500,"No, I will not be calling-out  @bryancallen â€™s bad acting, much to  @chrisdelia â€™s chagrin ğŸ˜‚ <!--1357874737331007490-->",TRUE
2021-02-06,https://web.archive.org/web/20210206020538/https://twitter.com/JD_2020/status/1357872990365638656,1357872990365638700,"Itâ€™s scary tho, because itâ€™s probably going to hurt me back. There will be a clap back. And... Iâ€™m tiered of being the martyr who always does the right thing at his own expense.  Itâ€™s exhausting. <!--1357872990365638656-->",TRUE
2021-02-06,https://web.archive.org/web/20210206020335/https://twitter.com/JD_2020/status/1357872502110892033,1357872502110892e3,"DMâ€™s open if you want to discuss off the record to get a better sense of what Iâ€™m alluding to... the people I tell the stories to in my personal life always respond the same; â€œyou should go public with this shit, if youâ€™re really not exaggerating, thatâ€™s crazy stuff.â€  Yeah... <!--1357872502110892033-->",TRUE
2021-02-06,https://web.archive.org/web/20210206020039/https://twitter.com/JD_2020/status/1357871732305059840,1357871732305059800,"Iâ€™ve always elected to â€œtake the high roadâ€ â€” sometimes against significant pressure to take action. Fearful it might make me a leper to future opportunity.  But.... Man, Iâ€™ve encountered what feels like a large4 quantity of shit than is normal, that just weighs on me. <!--1357871732305059840-->",TRUE
2021-02-06,https://web.archive.org/web/20210206015721/https://twitter.com/JD_2020/status/1357870920908570624,1357870920908570600,"But itâ€™s things that donâ€™t really have legal recourses. And some things that did, are past their statutes of limitation by now. But are still causing good people significant suffering to this day, going un-addressed. And I find it morally reprehensible.  ğŸ¤” What do yâ€™all think? <!--1357870922636681224-->",TRUE
2021-02-06,https://web.archive.org/web/20210206015721/https://twitter.com/JD_2020/status/1357870920908570624,1357870920908570600,"How would the ethical, upstanding side of the industry interpret that? Those that would be fearful Iâ€™d do the same to them one day I would t want to work with anyhow â€” because theyâ€™re signaling suspicious moral integrity.  Believe me, what Iâ€™m alluding to isnâ€™t petty sour grapes. <!--1357870921780842497-->",TRUE
2021-02-06,https://web.archive.org/web/20210206015721/https://twitter.com/JD_2020/status/1357870920908570624,1357870920908570600,"Thinking about publicly flogging the bad actors Iâ€™ve encountered over the last 12 years in the games biz. It wonâ€™t be slanderous, because itâ€™ll all be true. But itâ€™s going to hurt some powerful people who have (and in some cases still do) caused unconscionable harm, to me &others <!--1357870920908570624-->",TRUE
2021-01-27,https://web.archive.org/web/20210127151232/https://twitter.com/JD_2020/status/1354447022829481988,1354447022829482e3,Lol while their site is down and investors are being fleeced.... https://twitter.com/robinhoodapp/status/1354446160837177353 <!--1354447022829481988-->,TRUE
2021-01-27,https://web.archive.org/web/20210127143543/https://twitter.com/JD_2020/status/1354437821512228872,1354437821512228900,Theyâ€™re DDoSing Robinhood + other exchanges so the crooks can get their money out. <!--1354437821512228872-->,TRUE
2021-01-21,https://web.archive.org/web/20210121224816/https://twitter.com/JD_2020/status/1352387439072059399,1352387439072059400,For.... what?? Something that happened when he wasnâ€™t in office? I donâ€™t think thatâ€™s how that works.... <!--1352387439072059399-->,TRUE
2021-01-21,https://web.archive.org/web/20210121223620/https://twitter.com/JD_2020/status/1352384543504916481,1352384543504916500,Well thatâ€™s pretty inconvenient timing for maintenance as  $BTC  fends off dropping past itâ€™s $30k support line....... pic.twitter.com/QuR5Rhf6Vo <!--1352384543504916481-->,TRUE
2021-01-21,https://web.archive.org/web/20210121131719/https://twitter.com/JD_2020/status/1352243227093512194,1352243227093512200,"Seriously Ted â€” is power and greed that important to you that youâ€™ll feel no shame at all for harboring the countless stark opposites to so many conflicting principles from one day to the next? You hate Trump, you love Trump, you love King, you love fascist insurrectionists... ğŸ¤·ğŸ»â€â™‚ï¸ <!--1352243227093512194-->",TRUE
2021-01-14,https://web.archive.org/web/20210114004609/https://twitter.com/JD_2020/status/1349518053382500353,1349518053382500400,"Whichever web design agency gets the bid to make  http://SeditionMingle.com , I suggest taking payment up front. He doesnâ€™t have the best track record paying contractors....  #MAGA  pic.twitter.com/hLHlC9QrWn <!--1349518053382500353-->",TRUE
2021-01-06,https://web.archive.org/web/20210106225340/https://twitter.com/JD_2020/status/1346952958878093317,1346952958878093300,Shut the hell up dude you contributed to this shit too. <!--1346952958878093317-->,TRUE
2021-01-06,https://web.archive.org/web/20210106205414/https://twitter.com/JD_2020/status/1346922914646552579,1346922914646552600,"ğŸ’” A woman wrapped in Americaâ€™s Stars and Stripes, falling to the floor after she was shot in the neck inside the Capitol Building.  I cried. pic.twitter.com/EunYXF51Yz <!--1346922914646552579-->",TRUE
2021-01-06,https://web.archive.org/web/20210106202430/https://twitter.com/JD_2020/status/1346915417646891010,1346915417646891e3,pic.twitter.com/b3tzSevBR0 <!--1346915417646891010-->,TRUE
2021-01-04,https://web.archive.org/web/20210104045207/https://twitter.com/JD_2020/status/1345956019109818370,1345956019109818400,"If a thief unsuccessfully robs a bank, he still goes to jail for attempting the crime.  It is a CRIME to manipulate the outcome of an election. Even if unsuccessfully w/ thinly veiled threats and coercion. Yet somehow this guy always ducks consequences ğŸ¤¬ğŸ¤·ğŸ»â€â™‚ï¸  #TrumpTreason  pic.twitter.com/23NnfYIfVV <!--1345956019109818370-->",TRUE
2021-01-01,https://web.archive.org/web/20210101165327/https://twitter.com/JD_2020/status/1345050411032596481,1345050411032596500,"Not to be â€œthat guyâ€ or anything, but.... itâ€™s entirely possible 2021 runs even deeper yâ€™all ğŸ¥´ğŸ¤’  Letâ€™s hope not tho ğŸ˜¬ğŸ‘‹  #HAPPYNEWYEAR <!--1345050411032596481-->",TRUE
2021-01-01,https://web.archive.org/web/20210101021934/https://twitter.com/JD_2020/status/1344829898163167232,1344829898163167200,DMâ€™s closed! <!--1344829898163167232-->,TRUE
2020-12-13,https://web.archive.org/web/20201213193248/https://twitter.com/JD_2020/status/1338205109122174978,1338205109122175e3,"I do believe there's a case to be made for games that don't need public release dates. Just look at  @PlayApex 's blitz launch. The more saturated consumers' attention spans get, the less useful long lead times are.  But business continuity/planning sorta demands deadlines.... â˜ºï¸ğŸ¤” <!--1338205109122174978-->",TRUE
2020-12-13,https://web.archive.org/web/20201213045510/https://twitter.com/JD_2020/status/1337984290584473600,1337984290584473600,Leipzig <!--1337984290584473600-->,TRUE
2020-12-13,https://web.archive.org/web/20201213025021/https://twitter.com/JD_2020/status/1337952794880466946,1337952794880467e3,"... He seemingly came out of nowhere and just put himself between me and the bullies. Pure relief washed over me as they backed off. He calls me over with a wave and brash ""American"" and sets a cabbie straight for me. I used the only German I knew: ""Danke schÃ¶n"" ğŸ˜¿ğŸ¥²ğŸ™ 3/3 <!--1337952796444909575-->",TRUE
2020-12-13,https://web.archive.org/web/20201213025021/https://twitter.com/JD_2020/status/1337952794880466946,1337952794880467e3,"I don't speak German, and nobody seemed to speak English outside this club ğŸ˜‘ No cabbies were interested in serving me, and this thuggish looking group is laughing and heckling me the whole time. I was pretty intimidated, and I'll never forget this one guy who intervened.. 2/3 <!--1337952795660611584-->",TRUE
2020-12-13,https://web.archive.org/web/20201213025021/https://twitter.com/JD_2020/status/1337952794880466946,1337952794880467e3,"Who's one stranger that you'll always remember?  When I was just 20 years old, on my first international trip ever, at a nightclub in a not-so-nice part of East Germany. It's like 4am, separated from my group, phone's dead, and I'm trying to hail a cab back to my hotel ğŸ˜ 1/3 <!--1337952794880466946-->",TRUE
2020-12-10,https://web.archive.org/web/20201210153654/https://twitter.com/JD_2020/status/1337058581028495366,1337058581028495400,Sight isnâ€™t so much about the light you take in... itâ€™s all the light youâ€™ve filtered out that helps you to see clearly ğŸ˜ŒğŸ˜  #quotestoliveby  pic.twitter.com/kPkVZR27tu <!--1337058581028495366-->,TRUE
2020-12-10,https://web.archive.org/web/20201210123200/https://twitter.com/JD_2020/status/1337011959519174656,1337011959519174700,Sight isnâ€™t so much about the light you take in... itâ€™s all the light youâ€™ve filtered out that helps you to see clearly ğŸ˜ŒğŸ˜  #quotestoliveby  pic.twitter.com/Vp4zzlJN2k <!--1337011959519174656-->,TRUE
2020-12-07,https://web.archive.org/web/20201207062657/https://twitter.com/JD_2020/status/1335833077692698625,1335833077692698600,Folks... This photo of my actual dog HAS to have meme potential ğŸ˜…ğŸ˜…  Letâ€™s workshop this thing. Throw in hour ideas for what this meme is ğŸ™ pic.twitter.com/9YRppp1NBI <!--1335833077692698625-->,TRUE
2020-12-06,https://web.archive.org/web/20201206203400/https://twitter.com/JD_2020/status/1335683830368317443,1335683830368317400,"Wow.  @DanielleCosplay  smashed through her  @Kickstarter  goal for  @Toebeanies_Paws  within like, 30 minutes? But letâ€™s see how far we can stretch it yeah?! Sheâ€™s such a hard worker. Iâ€™ve known her since her first cosplay and sheâ€™s earned everythingğŸ”¥ğŸ”¥ https://www.kickstarter.com/projects/toebeanies/toebeanies <!--1335683830368317443-->",TRUE
2020-12-05,https://web.archive.org/web/20201205230722/https://twitter.com/JD_2020/status/1335296293565034497,1335296293565034500,@thecodemiko  shot ya an email âœŠ <!--1335296293565034497-->,TRUE
2020-12-03,https://web.archive.org/web/20201203093539/https://twitter.com/JD_2020/status/1334430926550556677,1334430926550556700,Scorpio is where itâ€™s at everybody knows this ğŸ‘‹ğŸ˜ <!--1334430926550556677-->,TRUE
2020-12-03,https://web.archive.org/web/20201203034207/https://twitter.com/JD_2020/status/1334342123018194944,1334342123018195e3,@FishStix @JukedGG I created a site and a Twitter data API to harvest all things games specifically because I wanted a wrap-up video like this. Then I commissioned an editor to make the video ğŸ¤£   Yes Iâ€™m crazy ğŸ¤ª  ... Iâ€™d love even something like this for esports. https://t.co/1uvh8a4SmJ <!--1334342123018194944-->,TRUE
2020-12-02,https://web.archive.org/web/20201202025026/https://twitter.com/JD_2020/status/1333966253833261057,1333966253833261e3,"Spare a moment to give this Other Josh some feedback on his new  edit?   If youâ€™re a true Black Ops OG, you may remember Rubes from his â€œBeauty of CoDâ€ series that won â€˜Video of the Weekâ€™ on several occasions featured on the Blops FB page âœŠğŸ”¥ğŸ”¥  https://twitter.com/joshrubes/status/1333803118769827907 <!--1333966253833261057-->",TRUE
2020-11-28,https://web.archive.org/web/20201128193506/https://twitter.com/JD_2020/status/1332766778414469122,1332766778414469e3,Not if youâ€™re totally awesome at it ğŸ˜ pic.twitter.com/0WGHPYFluT <!--1332766778414469122-->,TRUE
2020-11-24,https://web.archive.org/web/20201124172656/https://twitter.com/JD_2020/status/1331273486749364224,1331273486749364200,â€œ2020â€ <!--1331273486749364224-->,TRUE
2020-11-24,https://web.archive.org/web/20201124170808/https://twitter.com/JD_2020/status/1331269665360932868,1331269665360932900,Wow.  @elonmusk  is having a goooood 2020 ğŸ˜… pic.twitter.com/z1m3zkLgGj <!--1331269665360932868-->,TRUE
2020-11-24,https://web.archive.org/web/20201124195055/https://twitter.com/JD_2020/status/1331263877728915456,1331263877728915500,"Now ... imagine having chronic insomnia and sleep paralysis, so you canâ€™t even look forward to sleep because itâ€™s literal torment and torture ğŸ˜µğŸ¥´ <!--1331263877728915456-->",TRUE
2020-11-24,https://web.archive.org/web/20201124064119/https://twitter.com/JD_2020/status/1331125672413175809,1331125672413175800,Itâ€™s FUNctional!  .... Iâ€™ll see myself out ğŸ™ƒ <!--1331125672413175809-->,TRUE
2020-11-20,https://web.archive.org/web/20201120083330/https://twitter.com/JD_2020/status/1329704159520714752,1329704159520714800,ğŸ‘€ğŸ‘€ https://twitter.com/mittromney/status/1329629701447573504 <!--1329704159520714752-->,TRUE
2020-11-09,https://web.archive.org/web/20201109225513/https://twitter.com/JD_2020/status/1325903688406331392,1325903688406331400,"It was an honor working with so many of our military vets on Call of Duty, and hearing some of their experiences first hand was so humbling.   Casey Affleck in Out of the Furnace was brilliant ğŸ˜¥ğŸ‘ğŸ‘ğŸ‘ https://twitter.com/actinggreats/status/1325901922369417219 <!--1325903688406331392-->",TRUE
2020-11-06,https://web.archive.org/web/20201106220508/https://twitter.com/JD_2020/status/1324835139080364034,1324835139080364e3,Careful with all this sexy talk Dani goddamn ğŸ¤ª <!--1324835139080364034-->,TRUE
2020-11-06,https://web.archive.org/web/20201106145442/https://twitter.com/JD_2020/status/1324726803244765186,1324726803244765200,ğŸ‘‹ <!--1324726803244765186-->,TRUE
2020-11-06,https://web.archive.org/web/20201106145252/https://twitter.com/JD_2020/status/1324726295129894912,1324726295129895e3,"Thatâ€™s one weak repudiation of Trumpâ€™s disgusting rhetoric, sir. Come the hell on. Grow a spine. <!--1324726295129894912-->",TRUE
2020-10-23,https://web.archive.org/web/20201023024304/https://twitter.com/JD_2020/status/1319469083226669058,1319469083226669e3,"â€œDad, is he ok? He talks weird...â€  ğŸ˜…ğŸ¤£ pic.twitter.com/e9f0nRld45 <!--1319469083226669058-->",TRUE
2020-10-21,https://web.archive.org/web/20201021215822/https://twitter.com/JD_2020/status/1319035164492767233,1319035164492767200,"Elon, my man. Been feeling kinda isolated lately. If you think this would cheer your better half up, Iâ€™m totally training the YouTube Music neural net for all our benefit! âœŠ Doing my part ğŸ¤— #TeamGrimes   #PandemicFever   @elonmusk   @Grimezsz  pic.twitter.com/B5jcJ1joIw <!--1319035164492767233-->",TRUE
2020-10-04,https://web.archive.org/web/20201004211345/https://twitter.com/JD_2020/status/1312790290307182593,1312790290307182600,Except for a green fairway and a golf cart.... ğŸ™ƒ  Good photo opp tho ğŸ‘Œ <!--1312790290307182593-->,TRUE
2020-10-03,https://web.archive.org/web/20201004161750/https://twitter.com/JD_2020/status/1312215359592701952,1312215359592702e3,Wouldâ€™ve been sweet tho... <!--1312215359592701952-->,TRUE
2020-08-27,https://web.archive.org/web/20200827210550/https://twitter.com/JD_2020/status/1299090617784467457,1299090617784467500,"@SamHarrisOrg  Sam... Iâ€™ve got what I believe is a unique perspective on cancel culture right now. Spoke to Rogan about it 5 years ago, but the goal posts have moved since then. And AI curators are changing all the rules..  Can you DM me an email I can explain in more detail? ğŸ˜“ğŸ– <!--1299090617784467457-->",TRUE
2020-08-10,https://web.archive.org/web/20200810101409/https://twitter.com/JD_2020/status/1292766019912687616,1292766019912687600,I got the crap kicked out of me in a 2v1 brawl when two home intruders broke into my place while we were inside. Not so bad considering the odds.... I guess I was lucky they werenâ€™t armed.  ... and they were lucky I sold all my firearms a year ago ğŸ˜…ğŸ¤¦ğŸ»â€â™‚ï¸  Hope youâ€™re well â¤ï¸ pic.twitter.com/fYOXASezmV <!--1292766019912687616-->,TRUE
2020-08-10,https://web.archive.org/web/20200810023055/https://twitter.com/JD_2020/status/1292649531046268936,1292649531046269e3,What prompted the move? Massive change agents like that can how a profoundly powerful impact!  I was 20 when I moved across country all alone to pursue a career in games and it totally transformed my life trajectory âœŠ <!--1292649531046268936-->,TRUE
2020-07-27,https://web.archive.org/web/20200727211334/https://twitter.com/JD_2020/status/1287858584596946947,1287858584596947e3,Glad you said it. Iâ€™ve said this for years and been rejected from both polar extremes ğŸ¤¦ğŸ»â€â™‚ï¸ğŸ’ğŸ»â€â™‚ï¸ â€” itâ€™s been lonely in the middle ğŸ˜©ğŸ˜©ğŸ˜© <!--1287858584596946947-->,TRUE
2020-07-27,https://web.archive.org/web/20200727173446/https://twitter.com/JD_2020/status/1287793749922394112,1287793749922394e3,https://youtu.be/8ui9umU0C2g <!--1287793749922394112-->,TRUE
2020-07-27,https://web.archive.org/web/20200727132414/https://twitter.com/JD_2020/status/1287738556182671365,1287738556182671400,Iâ€™m not asking for any financial advice here.... Please donâ€™t bring the Eye of S(EC)auron upon us ğŸ¤­ğŸ˜… <!--1287739419542331392-->,TRUE
2020-07-27,https://web.archive.org/web/20200727132414/https://twitter.com/JD_2020/status/1287738556182671365,1287738556182671400,"@elonmusk  Hey EV-lon, quick Q â€” I know yâ€™all busted ass to beat Q2 (congrats by the way ğŸ¤™). But whatâ€™s your strategy for this next market aftershock? When people lose that $600/week, I donâ€™t think itâ€™s a given theyâ€™ll all have jobs to go back to ğŸ˜“  Worried people will cash out? <!--1287738556182671365-->",TRUE
2020-07-24,https://web.archive.org/web/20200724232823/https://twitter.com/JD_2020/status/1286784409732100097,12867844097321e5,"If you canâ€™t beat em join em, amirite?  2015 â€”> 2020 pic.twitter.com/LjefbWf9Ef <!--1286784409732100097-->",TRUE
2020-07-07,https://web.archive.org/web/20200707104320/https://twitter.com/JD_2020/status/1280450268824510464,1280450268824510500,"Adding context behind why Iâ€™m selling the ring, especially given the outlandish circumstance (I mean look at the response the story is getting....) is just good marketing for my sale.  I protected her identity. Sheâ€™s blocked me so shouldnâ€™t see anything unless sheâ€™s creeping ğŸ¤·ğŸ»â€â™‚ï¸ <!--1280450268824510464-->",TRUE
2020-07-06,https://web.archive.org/web/20200706190949/https://twitter.com/JD_2020/status/1280215052969218048,1280215052969218e3,"Credit to my ex. She declines my marriage proposal, ending the relationship and shattering my heart into a million pieces ğŸ’”  And then asks if she can at least have the $10k ring because she felt she â€œearned itâ€ after 3 1/2 years ğŸ˜“  And you wonder why a guy might lose faith ğŸ¤¦ğŸ»â€â™‚ï¸ğŸ¤·ğŸ»â€â™‚ï¸ pic.twitter.com/pI5CKjaVVx <!--1280215052969218048-->",TRUE
2020-07-06,https://web.archive.org/web/20200706024148/https://twitter.com/JD_2020/status/1279966745248358400,1279966745248358400,"FWIW, the COVID count may well be an over-count, not under. Even someone dying already, who has the COVID antibody, is being tallied as a COVID death in many parts of the world.  When aid is given based on impact, thereâ€™s an incentive to inflate reporting. <!--1279966745248358400-->",TRUE
2020-06-29,https://web.archive.org/web/20200629160733/https://twitter.com/JD_2020/status/1277631504424853504,1277631504424853500,You heard me. <!--1277631504424853504-->,TRUE
2020-06-29,https://web.archive.org/web/20200629155358/https://twitter.com/JD_2020/status/1277630096371834880,1277630096371835e3,"Nobody needs that overrated guy on their team anymore, get over it. <!--1277630096371834880-->",TRUE
2020-06-23,https://web.archive.org/web/20200623040140/https://twitter.com/JD_2020/status/1275277103878078465,1275277103878078500,Says the nothing ğŸ˜… <!--1275277103878078465-->,TRUE
2020-05-31,https://web.archive.org/web/20200531171108/https://twitter.com/JD_2020/status/1267141228677775360,1267141228677775400,Is this Exit sign onboard the ISS really necessary tho?? ğŸ¤£ğŸ¤·ğŸ»â€â™‚ï¸  #LaunchAmerica   #SpaceX   @elonmusk    Congrats  @SpaceX  &  @NASA  teams. What a historic moment ğŸ¤˜ pic.twitter.com/jHOL3Ptgz8 <!--1267141228677775360-->,TRUE
2020-05-31,https://web.archive.org/web/20200531153231/https://twitter.com/JD_2020/status/1267111375916224513,1267111375916224500,"Getting a â€œperformanceâ€ windows laptop was the biggest regret of my adult gaming life lol  Just overheats, heavy as all hell so I just leave it plugged in to my desk monitor anyhow. Idk ğŸ¤·ğŸ»â€â™‚ï¸  My 2015 MacBook Pro is holding up nicely to this day, however, and is perfectly sized ğŸ‘Œ <!--1267111375916224513-->",TRUE
2020-05-21,https://web.archive.org/web/20200521184911/https://twitter.com/JD_2020/status/1263535956726091777,1263535956726091800,"Case in point, in all subsequent testing, that same White House aide did *not* go back to negative. She simply had contracted the disease. No false-positives.  Making sense yet? Er..... <!--1263536279603613698-->",TRUE
2020-05-21,https://web.archive.org/web/20200521184911/https://twitter.com/JD_2020/status/1263535956726091777,1263535956726091800,"Yes but false positives arenâ€™t what heâ€™s talking about... heâ€™s talking about going from negative one day, to positive the next.  Thatâ€™s not necessarily a false positive. Thatâ€™s exactly what happens when you catch an illness. You go from negative, to positive testing... <!--1263535956726091777-->",TRUE
2020-05-21,https://web.archive.org/web/20200521184021/https://twitter.com/JD_2020/status/1263529579655966720,1263529579655966700,Seth is just underscoring through humor the troubling thing that Trump (and his followers like you perhaps?) seem to miss entirely.   The reason you go from testing Neg to testing Pos isnâ€™t because tests are unreliable; itâ€™s because you COUGHT IT lol. How donâ€™t you get this? ğŸ¤·ğŸ»â€â™‚ï¸ğŸ¤¦ğŸ»â€â™‚ï¸ <!--1263529579655966720-->,TRUE
2020-05-21,https://web.archive.org/web/20200521211817/https://twitter.com/JD_2020/status/1263525469145743361,1263525469145743400,"... uhhh. Iâ€™m serious though. If youâ€™re not serious in having a conversation, big guy, then stop messaging me haha.  Iâ€™m asking for your serious explanation as to how you watch this clip (and clips like these), and donâ€™t cringe yourself at how mind-bogglingly stupid he sounds? <!--1263525469145743361-->",TRUE
2020-05-21,https://web.archive.org/web/20200521175725/https://twitter.com/JD_2020/status/1263523746884829185,1263523746884829200,Iâ€™m not talking politics per se. Iâ€™m talking about this person. Did you watch the video clip? Itâ€™s of the actual person. Whatâ€™s your explanation of that person and his words? How would you contextualize it? <!--1263523746884829185-->,TRUE
2020-05-21,https://web.archive.org/web/20200521173521/https://twitter.com/JD_2020/status/1263518527413256192,1263518527413256200,I donâ€™t even know where to begin with this.... This is an actual person in an actual leadership position. ğŸ¤¦ğŸ»â€â™‚ï¸ğŸ¤·ğŸ»â€â™‚ï¸  How does this person still have support?? Is identity politics THAT important to some? Is the Left THAT angering that youâ€™re convinced *this* is the better idea? pic.twitter.com/Xz3LB78KbB <!--1263518527413256192-->,TRUE
2020-05-17,https://web.archive.org/web/20200517214801/https://twitter.com/JD_2020/status/1262135153092177921,1262135153092178e3,"Yeah Iâ€™m saying, worldwide, itâ€™s hundreds of millions of kids. Was never implying every society in the world it is important. But I also couldnâ€™t delineate every individual one in which it was.  Itâ€™s more than just the US tho. <!--1262136263416709120-->",TRUE
2020-05-17,https://web.archive.org/web/20200517214801/https://twitter.com/JD_2020/status/1262135153092177921,1262135153092178e3,"And Iâ€™m saying that, added up, itâ€™s probably hundreds of millions of affected kids. <!--1262135344960606213-->",TRUE
2020-05-17,https://web.archive.org/web/20200517214801/https://twitter.com/JD_2020/status/1262135153092177921,1262135153092178e3,"Pretty sure the UK isnâ€™t the center of the world haha.  Iâ€™m also sure developing nations donâ€™t have those things either but I of course am not referring to those. Iâ€™m saying, the world over, thereâ€™s all sorts of societies that will have changed bell curves in these ways. <!--1262135153092177921-->",TRUE
2020-05-17,https://web.archive.org/web/20200517213650/https://twitter.com/JD_2020/status/1262134623921979393,1262134623921979400,What are you getting at?  Do people not having prom or equivalents of prom in other parts of the world? Do people not have high school sports that determine where they play in college in other parts of the world?  Iâ€™m pretty sure those artifices take place in all sorts of spots. <!--1262134623921979393-->,TRUE
2020-05-17,https://web.archive.org/web/20200517212358/https://twitter.com/JD_2020/status/1262130972650287105,1262130972650287e3,But you and I exist outside of the bell curve on those things tho. Most people who play professional sports qualified into collegiate scholarships. Most people who graduate college attend prom.  Itâ€™s going to affect the bell curve of a generation of young people. <!--1262130972650287105-->,TRUE
2020-05-17,https://web.archive.org/web/20200517211937/https://twitter.com/JD_2020/status/1262130233303580672,1262130233303580700,Just pondering the hundreds of millions of kids worldwide missing out on learning and development moments like:  Asking someone to prom... Attending prom... Walking for graduation... Qualifying into collegiate sports...  What is the measure of those lifelong ripple effects?? ğŸ¤”ğŸ¤·ğŸ»â€â™‚ï¸ <!--1262130233303580672-->,TRUE
2020-04-23,https://web.archive.org/web/20200502134151/https://twitter.com/JD_2020/status/1253186399731359745,1253186399731359700,Posted on 4/22/20 â€” we all know what you were shooting for here Elon ğŸ˜ <!--1253186399731359745-->,TRUE
2020-04-20,https://web.archive.org/web/20200420083443/https://twitter.com/JD_2020/status/1252153712736436224,1252153712736436200,#NewProfilePic? Howâ€™s your quarantine grooming routine going ğŸ¤— https://t.co/p0CX0J7xlk <!--1252153712736436224-->,TRUE
2020-04-17,https://web.archive.org/web/20200417185511/https://twitter.com/JD_2020/status/1251194665581379584,1251194665581379600,Oh my god... if I had brought my Xbox to my senior class photos I would have been beaten relentlessly at Beaudry Park by my bully and his crew ğŸ˜…ğŸ˜…ğŸ˜… <!--1251194665581379584-->,TRUE
2020-04-14,https://web.archive.org/web/20200414043926/https://twitter.com/JD_2020/status/1249917595802898432,1249917595802898400,@chrisdelia  Bert you stupid good for nothing sonofabitch!!! ğŸ¤¬ğŸ¤¬ pic.twitter.com/eq5ZA4rdhc <!--1249917595802898432-->,TRUE
2020-04-11,https://web.archive.org/web/20200411070011/https://twitter.com/JD_2020/status/1248868117360631808,1248868117360631800,What if we canâ€™t link our twitch accounts because it errors out? ğŸ˜­ <!--1248868117360631808-->,TRUE
2020-04-10,https://web.archive.org/web/20200410215347/https://twitter.com/JD_2020/status/1248730788058849280,1248730788058849300,"I remember doing this with the CoD accounts. Itâ€™s an oddly emotional moment, surrendering control of the thing you spent years nurturing.  But itâ€™s also nice to think about the evolution the next generation may bring to it. Term limits are good for growth overall I think ğŸ‘Š <!--1248730788058849280-->",TRUE
2020-04-10,https://web.archive.org/web/20200410154337/https://twitter.com/JD_2020/status/1248636862803128323,1248636862803128300,ğŸ™ŒğŸ˜“ <!--1248636862803128323-->,TRUE
2020-04-10,https://web.archive.org/web/20200410061206/https://twitter.com/JD_2020/status/1248493037161836546,1248493037161836500,"... so, itâ€™s just a lathe? <!--1248493037161836546-->",TRUE
2020-04-09,https://web.archive.org/web/20200409115719/https://twitter.com/JD_2020/status/1248218311793532929,1248218311793533e3,I saw the same!!! ğŸ˜‚ <!--1248218311793532929-->,TRUE
2020-04-07,https://web.archive.org/web/20200407035554/https://twitter.com/JD_2020/status/1247372181748822024,1247372181748822e3,"The irony is, itâ€™s the only freaking live shows on television anymore ğŸ˜… <!--1247372181748822024-->",TRUE
2020-03-18,https://web.archive.org/web/20200318203428/https://twitter.com/JD_2020/status/1240370373364981760,1240370373364981800,"@KLM  Looks like yâ€™all are doing your best to keep your head above water. Keep up the great work. And if you have a moment to check the DM I sent you, Iâ€™d appreciate it! <!--1240370373364981760-->",TRUE
2020-03-16,https://web.archive.org/web/20200316051140/https://twitter.com/JD_2020/status/1239417812600467456,1239417812600467500,"Now I'm sure you can find one or two fringe cases of a relatively healthy young person dying or being hospitalized over this thing.... Out of tens of thousands of cases, there will be a few exceptions to every rule. But that's why statistics and common sense is instructive. <!--1239418710789685250-->",TRUE
2020-03-16,https://web.archive.org/web/20200316051140/https://twitter.com/JD_2020/status/1239417812600467456,1239417812600467500,"We literally know everyone that this risks -- elderly, and people with pre-existing immunodeficiency diseases, hypertension, diabetes, cardiovascular disease, or cancers. If you are any of those people, self-isolate. Everyone else is relatively safe, statistically speaking. <!--1239418185264377858-->",TRUE
2020-03-16,https://web.archive.org/web/20200316051140/https://twitter.com/JD_2020/status/1239417812600467456,1239417812600467500,"I'm not saying ""I'm cool with catching it"" any more than I'm saying I'm cool with catching *any* illness. I don't want to be ill. But I am not going to hide indoors until someone makes a vaccine for something that poses no risk to me, and the people it does risk can stay home. <!--1239417812600467456-->",TRUE
2020-03-16,https://web.archive.org/web/20200316040244/https://twitter.com/JD_2020/status/1239398195790336002,1239398195790336e3,"So since it's not realistic, then let's stop scaring people about it. Let's start being more realistic. Let's stop hoarding supplies from the actual needy. Let's stop hurting small business owners unnecessarily. Let's focus on the parts we can actually achieve responsibly. <!--1239398662125518850-->",TRUE
2020-03-16,https://web.archive.org/web/20200316040244/https://twitter.com/JD_2020/status/1239398195790336002,1239398195790336e3,"Those same ""scientific community"" members would agree with everything I've said, just as I agree with what you're saying they're saying. Of course if every person was isolated, it would stop the spread of the virus. This scenario just isn't *realistic*, is what I'm telling you. <!--1239398195790336002-->",TRUE
2020-03-16,https://web.archive.org/web/20200316001856/https://twitter.com/JD_2020/status/1239342823977164803,1239342823977164800,"No doubt, ""stay at home"" is a simpler, easier way for people like you to combat this thing. It's easier than reading up about it. It's easier than keeping yourself safe. It's easier to blame Walmart for that ice you slipped on, too. Or McDonalds for burning your lap with coffee. <!--1239345080244338696-->",TRUE
2020-03-16,https://web.archive.org/web/20200316002847/https://twitter.com/JD_2020/status/1239342604996796417,1239342604996796400,"Here's the thing -- can you even name me one of the underlying medical conditions that acts as a catalyst on this disease's severity? Without Googling.  You can't. But you'll sit here with this attitude about it, like I'm the bad guy for suggesting reason over panic. Nice. <!--1239343937795620864-->",TRUE
2020-03-16,https://web.archive.org/web/20200316002847/https://twitter.com/JD_2020/status/1239342604996796417,1239342604996796400,"Doesn't that seem more practical than having *everyone* stay home? Doesn't that have the same intended effect, without all the negative impact of a draconian total-lockdown?  Where are we not seeing eye-to-eye here... I'm so confused. <!--1239342823977164803-->",TRUE
2020-03-16,https://web.archive.org/web/20200316002847/https://twitter.com/JD_2020/status/1239342604996796417,1239342604996796400,"Unless... We have a reallllly strong messaging campaign that warned all people with pre-existing conditions known to worsen the disease's course, and the elderly, to stay home. And supported them in doing so.  Then, I wouldn't pass it on to *anyone* with a risk of dying. Hmmmm... <!--1239342604996796417-->",TRUE
2020-03-15,https://web.archive.org/web/20200315231731/https://twitter.com/JD_2020/status/1239324978245439489,1239324978245439500,"Which is to say what, exactly? So you're staying home *in solidarity* with the elderly? Or, are you staying home so that *they* can go out safely?  How exactly is your staying home helping those self-quarantined elderly folks. Please help me to understand. <!--1239324978245439489-->",TRUE
2020-03-15,https://web.archive.org/web/20200315230123/https://twitter.com/JD_2020/status/1239319649478639616,1239319649478639600,"Other such way I think it's addressable:  1. Anybody over 60, or with some associated pre-existing condition at any age, can stay home from work WITH pay, aid incurred by the government that businesses can apply for. 2. We offer those a stipend for in-home supply deliveries. <!--1239321808538648576-->",TRUE
2020-03-15,https://web.archive.org/web/20200315230123/https://twitter.com/JD_2020/status/1239319649478639616,1239319649478639600,"I'm just saying... 80% of people have little to no symptoms. 15% of people have harsh, but non-life-threatening symptoms. And 5% (almost entirely elderly, or those with underlying conditions) experience critical effects.  Which is still bad. But addressable in other ways I think. <!--1239320294780796929-->",TRUE
2020-03-15,https://web.archive.org/web/20200315230123/https://twitter.com/JD_2020/status/1239319649478639616,1239319649478639600,"I think there's a case to be made for schools. Kids are like little germ factories and go home to their aging parents and grandparents. Schools can be held online, over summer, etc.  But shutting down most American businesses is not a practical step given this threat level IMO. <!--1239319649478639616-->",TRUE
2020-03-15,https://web.archive.org/web/20200315224542/https://twitter.com/JD_2020/status/1239318466806587394,1239318466806587400,"If I were 80, I'd stay home. I wouldn't give a flip if 30 year-olds were going out. I'd be safe.... In my home.  In fact, if I were 80, I'd hope there were lots of 30 year olds leaving their homes to deliver me safe, disinfected food and supplies while I rode this crisis out. <!--1239318466806587394-->",TRUE
2020-03-15,https://web.archive.org/web/20200315230120/https://twitter.com/JD_2020/status/1239317972109443073,1239317972109443e3,Oh I would say most are taking it seriously. Fear is a motivating factor. But there are fines being issued for breaking the rules. And there are plenty of citizen journalists venturing out and risking said fine to capture photos.  Would have to be one BIG aid package for the U.S. <!--1239317972109443073-->,TRUE
2020-03-15,https://web.archive.org/web/20200315223035/https://twitter.com/JD_2020/status/1239316534524350471,1239316534524350500,"In this case, those who are most at risk of serious harm by this disease can just as easily stay home themselves. And we can make it easier for them to, as opposed to *all* of us doing it. Even the ones this disease poses little threat to. (2/2). <!--1239316708256624641-->",TRUE
2020-03-15,https://web.archive.org/web/20200315223035/https://twitter.com/JD_2020/status/1239316534524350471,1239316534524350500,"You're confusing your terms. Herd immunity is most relevant to diseases for which some population is allergic to a vaccine which would otherwise protect it. Thus, relies on the rest of us inoculating ourselves. Herd immunity is important in those cases. (1/2). <!--1239316534524350471-->",TRUE
2020-03-15,https://web.archive.org/web/20200315222927/https://twitter.com/JD_2020/status/1239314306862321671,1239314306862321700,"America was built on, and still runs-on, small business owners. My friend's anecdote is not an isolated one. It's not just restaurants. The rippling effect of a nationwide lockdown would be enormous. Not just the stock market.  I'm just not sure this is ""the one."" <!--1239314688808300546-->",TRUE
2020-03-15,https://web.archive.org/web/20200315222927/https://twitter.com/JD_2020/status/1239314306862321671,1239314306862321700,The economy rebounding doesn't help my friend's family brewery that's been open since the 1950's which will close because he can't make rent payments after many many months of continued downturn in business....  There's no button to press to just re-open that once this is over. <!--1239314306862321671-->,TRUE
2020-03-15,https://web.archive.org/web/20200315221337/https://twitter.com/JD_2020/status/1239309364118290435,1239309364118290400,Just don't make the mistake of assuming what works one place can work everywhere. Our economy is the basis of all economies -- Italy's is not. You're also assuming this lockdown is popular in Italy. It's not.  Difficult problems rarely have easy solutions. <!--1239313567125471237-->,TRUE
2020-03-15,https://web.archive.org/web/20200315220208/https://twitter.com/JD_2020/status/1239308811971723270,1239308811971723300,"But the economy, people's livelihoods -- that's not something I think we should so flippantly disregard. No more so than we should disregard the safety of those most at-risk to succumb to serious symptoms of this disease. But measured response is probably best here over panic. <!--1239309364118290435-->",TRUE
2020-03-15,https://web.archive.org/web/20200315220208/https://twitter.com/JD_2020/status/1239308811971723270,1239308811971723300,"He knows it's hard to communicate nuance into large populations. Look at my feed ğŸ™ƒ -- Which is why the shortest, simplest message to champion is: ""Stay home.""  This will indeed flatten the graph for which he is responsible for. What it does to economy? Not his problem. <!--1239309050120155143-->",TRUE
2020-03-15,https://web.archive.org/web/20200315223922/https://twitter.com/JD_2020/status/1239305736208945152,1239305736208945200,"Yeah I know that's why they self-quarantined. Because they were scared. I advocate less fear, tho.  The head of a governmental body in this case has one job -- preserve life. But that is not and can not be our overriding collective goal, or we'd not have planes, for instance. <!--1239308811971723270-->",TRUE
2020-03-15,https://web.archive.org/web/20200315220045/https://twitter.com/JD_2020/status/1239305363331207168,1239305363331207200,"If this were a disease in which mortality rate were higher, super drastic steps like total lockdown might be a proportional response to the threat, and worth all the side-effects. But as it stands, those most at risk can just as easily self-isolate themselves, wear masks, etc. <!--1239305736208945152-->",TRUE
2020-03-15,https://web.archive.org/web/20200315220045/https://twitter.com/JD_2020/status/1239305363331207168,1239305363331207200,"I don't agree. I'm not disagreeing with any science. To the contrary, I've measured many (if not all) of the same factors you have, and have arrived at a different conclusion.  I don't find freaking out a useful course in basically any case whatsoever. Especially this one. <!--1239305363331207168-->",TRUE
2020-03-15,https://web.archive.org/web/20200315214347/https://twitter.com/JD_2020/status/1239301857987760131,1.2393018579877601e+18,"Believe me, I'm fully aware of all of this. Nevertheless, shutting down the whole planet is still not a practical answer. People in the service business need customers to service, and can't afford to lose their jobs. <!--1239301857987760131-->",TRUE
2020-03-15,https://web.archive.org/web/20200315213143/https://twitter.com/JD_2020/status/1239300954039689223,1239300954039689200,"Inevitable necessity? I promise you, nationwide quarantine is not an ""inevitable necessity."" Surely there are scenarios in which that might be the case. But I don't think this is one of them, thankfully. <!--1239300954039689223-->",TRUE
2020-03-15,https://web.archive.org/web/20200315205629/https://twitter.com/JD_2020/status/1239289515526758401,1239289515526758400,What would the *cost* be of isolating everyone in their homes the planet over? Just to what... nuke out a mildly dangerous disease? That doesnâ€™t seem practical. <!--1239289949318414341-->,TRUE
2020-03-15,https://web.archive.org/web/20200315205232/https://twitter.com/JD_2020/status/1239287910685380608,1239287910685380600,".... yeah... nobody with common sense would argue that total lockdown and quarantine of everyone would flatten the curve. Thatâ€™s pretty obvious.  Thatâ€™s not the debate. The debate is the practicality of that on a global scale. I donâ€™t care if it worked in a small city of 60,000. <!--1239289515526758401-->",TRUE
2020-03-15,https://web.archive.org/web/20200315212446/https://twitter.com/JD_2020/status/1239285023368495109,1239285023368495e3,Yeah I shutter to imagine the economic impact that kind of nationwide shutdown is having on their people. I also canâ€™t imagine how much more impactful such a policy would be in a larger global market such as the US. <!--1239287910685380608-->,TRUE
2020-03-15,https://web.archive.org/web/20200315204546/https://twitter.com/JD_2020/status/1239282118171262976,1239282118171263e3,"1. Stop touching your face. 2. Wash hands often. 3. *If* you live near a pocket of infection, avoid unnecessary interactions with others.  This is different than making internet pacts to hoard supplies and stay inside all month. Thatâ€™s not a practical response to this threat lvl. <!--1239285023368495109-->",TRUE
2020-03-15,https://web.archive.org/web/20200315204546/https://twitter.com/JD_2020/status/1239282118171262976,1239282118171263e3,"I just donâ€™t see this as a â€œshut down the worldâ€ threat. Do those threats exist and loom in the distance? And should we prepare for them? Absolutely. Thankfully, this isnâ€™t one of them.  Should we not worry at all? Of course not. Measured response is usually best. <!--1239282459214254080-->",TRUE
2020-03-15,https://web.archive.org/web/20200315204546/https://twitter.com/JD_2020/status/1239282118171262976,1239282118171263e3,Combatting a disease like this by staying indoors feels a lot like combatting car deaths by not driving. There are a myriad other mitigation techniques at our disposal to help protect those most vulnerable to serious harm by this virus than simply â€œshut down the world.â€ Sorry ğŸ¤·ğŸ»â€â™‚ï¸ <!--1239282118171262976-->,TRUE
2020-03-15,https://web.archive.org/web/20200315192536/https://twitter.com/JD_2020/status/1239270607541473288,1239270607541473300,"If you have underlying conditions that put you at higher risk, you should be self isolating yourself. Not expecting the whole world to do it for you.  People are losing their jobs and businesses closing. And no, thatâ€™s not â€œbetter than dyingâ€ because thatâ€™s not the alternative. <!--1239270607541473288-->",TRUE
2020-03-15,https://web.archive.org/web/20200315193318/https://twitter.com/JD_2020/status/1239269570466152448,1239269570466152400,ğŸ˜… pic.twitter.com/JnaqIB20OM <!--1239269570466152448-->,TRUE
2020-03-15,https://web.archive.org/web/20200315194219/https://twitter.com/JD_2020/status/1239263940540014593,1239263940540014600,"This is not what Iâ€™m seeing in my feeds. Iâ€™m seeing people worried about large scale runs on food, hoarding supplies, self-isolating even when theyâ€™re not ill, etc  If youâ€™re elderly, or live with someone elderly, I recommend some more extreme routine change. Otherwise, I do not. <!--1239263940540014593-->",TRUE
2020-03-15,https://web.archive.org/web/20200315203147/https://twitter.com/JD_2020/status/1239257179737206784,1239257179737206800,Yeah I have. It is what helped form my perspective ğŸ‘Œ <!--1239259624215326722-->,TRUE
2020-03-15,https://web.archive.org/web/20200315184629/https://twitter.com/JD_2020/status/1239257177551966211,1239257177551966200,"But if youâ€™re generally healthy, maybe this perspective will help introduce some calm into your life in these panicked times.  And I travel A LOT. Many airports trams and cabs. Exposed to many germs. And I donâ€™t get the flu often. Iâ€™ll just be even more careful for a wile. (4/4) <!--1239257181825966080-->",TRUE
2020-03-15,https://web.archive.org/web/20200315184629/https://twitter.com/JD_2020/status/1239257177551966211,1239257177551966200,"Before you @ me about how youâ€™re positive the contagiousness is far worse  for  #Coronavirus  and blah blah, remember, this is just my philosophy. Of course if youâ€™re prone to infection or have immune system deficiencies â€” maybe be a bit more cautious than this. (3/4) <!--1239257180760690688-->",TRUE
2020-03-15,https://web.archive.org/web/20200315184629/https://twitter.com/JD_2020/status/1239257177551966211,1239257177551966200,"So if Iâ€™m even more extra mindful of face touches and hand washing these days, Iâ€™m probably not going to get  #Coronavirus  either. I should certainly be significantly less likely than I was mindlessly walking around all these many millions of cases of Influenza each year. (2/4). <!--1239257179737206784-->",TRUE
2020-03-15,https://web.archive.org/web/20200315184629/https://twitter.com/JD_2020/status/1239257177551966211,1239257177551966200,"Hereâ€™s this way Iâ€™m personally thinking about  #COVIDãƒ¼19 .  I havenâ€™t had the flu for several years. I mean, actual influenza (Iâ€™ve had colds, of course). And thatâ€™s with me like, living a normal vulnerable life. Scratching my eyes when they itch and so forth. (1/4). <!--1239257177551966211-->",TRUE
2020-03-15,https://web.archive.org/web/20200315165515/https://twitter.com/JD_2020/status/1239200973400223744,1239200973400223700,I hope someone is working on Social Distancing Simulator and makes a fortune off of it ğŸ˜… <!--1239200973400223744-->,TRUE
2020-03-11,https://web.archive.org/web/20200311063953/https://twitter.com/JD_2020/status/1237629299357859841,1237629299357859800,"@MaTtKs @InfinityWard @RavenSoftware @Activision Itâ€™s suuuuuuper solid, right?!? ğŸ¤™ <!--1237629299357859841-->",TRUE
2020-03-07,https://web.archive.org/web/20200307081615/https://twitter.com/JD_2020/status/1236181320495181824,1236181320495181800,"Meanwhile the other side argues that a childâ€™s life begins at conception, and must be treated as such.  Which is the precise premise that the other side challenges, though, which is why nobody seems to give an inch in the debate. (3/3) <!--1236181913615859713-->",TRUE
2020-03-07,https://web.archive.org/web/20200307081615/https://twitter.com/JD_2020/status/1236181320495181824,1236181320495181800,"For instance, those who argue to defend a womanâ€™s right to choose argue that multicellular organisms are not equal life as fully formed human women. Even if thatâ€™s what theyâ€™re destined to become. Until that time tho, theyâ€™re just extensions of their host (is their argument) 2/3 <!--1236181558920429568-->",TRUE
2020-03-07,https://web.archive.org/web/20200307081615/https://twitter.com/JD_2020/status/1236181320495181824,1236181320495181800,"The big problem with the abortion debate is that people start from their own premises which the other side finds flawed. Neither side recognizes the other sideâ€™s base premise prior to arguing, so arguments stall indefinitely. (1/3) <!--1236181320495181824-->",TRUE
2020-03-07,https://web.archive.org/web/20200307052539/https://twitter.com/JD_2020/status/1236156944320278528,1236156944320278500,ğŸ¤£ yeah you cheaters!  @elonmusk <!--1236156944320278528-->,TRUE
2020-03-07,https://web.archive.org/web/20200307055746/https://twitter.com/JD_2020/status/1236090717736448001,1236090717736448e3,I raise you this video.....  https://twitter.com/jd_2020/status/1236088502128914433?s=21  https://twitter.com/jd_2020/status/1236088502128914433 <!--1236090717736448001-->,TRUE
2020-03-07,https://web.archive.org/web/20200307042449/https://twitter.com/JD_2020/status/1236090584319897602,1236090584319897600,Most face touches are force-of-habit ğŸ˜‰ <!--1236090584319897602-->,TRUE
2020-03-05,https://web.archive.org/web/20200305023704/https://twitter.com/JD_2020/status/1235388078480596992,1235388078480597e3,Hospitality.  I can dig it! ğŸ‘ https://twitter.com/getwellsoou/status/1220502109831024640 <!--1235388078480596992-->,TRUE
2020-03-05,https://web.archive.org/web/20200305024042/https://twitter.com/JD_2020/status/1235387767984660480,1235387767984660500,Hospitality <!--1235387767984660480-->,TRUE
2020-03-05,https://web.archive.org/web/20200305010447/https://twitter.com/JD_2020/status/1235368379340464128,1.2353683793404641e+18,"Iâ€™m pretty sure he couldâ€™ve offered Trump a billion not to run again this year, and Iâ€™m pretty sure heâ€™d have accepted it ğŸ˜… <!--1235368379340464128-->",TRUE
2020-02-23,https://web.archive.org/web/20200223113038/https://twitter.com/JD_2020/status/1231541268909559808,1231541268909559800,"Like, I never paid for a single ad campaign or follower. But I get next to no engagement anymore on twitter. Certainly not proportional to my follower count. But thatâ€™s just because most of my growth happened a decade ago, many of whom dropped off TW since then. It sucks! <!--1231541268909559808-->",TRUE
2020-02-15,https://web.archive.org/web/20200215210916/https://twitter.com/JD_2020/status/1228760085855428611,1228760085855428600,"We consumers have clearly told the airlines our #1 buying motivation is price, not quality, of the airfare.  We can debate whom in society has forced our hand by depleting middle class wealth...but thatâ€™s hardly the airlineâ€™s fault. Theyâ€™re just productizing around affordability. <!--1228760085855428611-->",TRUE
2020-02-15,https://web.archive.org/web/20200215204614/https://twitter.com/JD_2020/status/1228748896823894020,1228748896823894e3,Love this Thomas ğŸ™Œâ¤ï¸ Congrats again to the entire team!! <!--1228748896823894020-->,TRUE
2020-02-06,https://web.archive.org/web/20200207164525/https://twitter.com/JD_2020/status/1225543319977107463,1225543319977107500,"Gotta love that Twitter crop.... ğŸ¤¦ğŸ»â€â™‚ï¸ â€”  @jack , why donâ€™t we have a feature to position the crop ourselves? <!--1225543319977107463-->",TRUE
2020-02-04,https://web.archive.org/web/20200205080419/https://twitter.com/JD_2020/status/1224790122484457472,1224790122484457500,So the transmission bottleneck youâ€™re blaming... is any technologist remotely buying in to that story?  Are we to presume you used a dialup modem by mistake or something? And worked all night to assemble a broadband solution? <!--1224790122484457472-->,TRUE
2020-01-30,https://web.archive.org/web/20200130213227/https://twitter.com/JD_2020/status/1222945036465332225,1222945036465332200,Real talk â€” how much did JJ net ya? Obviously Gears was your big gravy train and rightly so. But Iâ€™ve always wondered about the economics of the old school game dev days where shipping 10â€™s or 100â€™s of thousands of units was the norm ğŸ¤” <!--1222945036465332225-->,TRUE
2020-01-18,https://web.archive.org/web/20200118041549/https://twitter.com/JD_2020/status/1218354153275129856,1218354153275129900,Literally.... is there a single person on this planet whoâ€™d say no to 300-B?!? I like the â€œwhatâ€™s your priceâ€ game but damn.... gotta start a hell of a lot lower than 300 Bil lol ğŸ¤¦ğŸ»â€â™‚ï¸ <!--1218354153275129856-->,TRUE
2020-01-10,https://web.archive.org/web/20200110215536/https://twitter.com/JD_2020/status/1215432711571111938,1215432711571112e3,"Bert you genius. Louis became mega-famous for his kid humor, and youâ€™re going to do the same thing with your social accounts if you keep this kind of micro-content up. Youâ€™ll be like,  @TheRock  levels of social media famous! Except for *completely* different reasons of course ğŸ˜‚ <!--1215432711571111938-->",TRUE
2020-01-06,https://web.archive.org/web/20200110225732/https://twitter.com/JD_2020/status/1214094146299924483,1214094146299924500,#AssFood <!--1214094146299924483-->,TRUE
2019-12-28,https://web.archive.org/web/20191229061409/https://twitter.com/JD_2020/status/1210852797102596096,1210852797102596e3,Microsoftâ€™s guerilla marketing game flexing hard this holiday season ğŸ˜… <!--1210852797102596096-->,TRUE
2019-12-25,https://web.archive.org/web/20191225050221/https://twitter.com/JD_2020/status/1209697888730787840,1209697888730787800,"The 49th top-played game at present moment on ALL of Steam. Just sayin â€” when I joined Xaviant, the first thing I said was â€œthis Brawlhalla game has the most potential.â€ ğŸ¤—ğŸ™Œ pic.twitter.com/LPH6CKBg7g <!--1209697888730787840-->",TRUE
2019-12-25,https://web.archive.org/web/20191225050350/https://twitter.com/JD_2020/status/1209696599007518720,1209696599007518700,Cc  @MaTtKs <!--1209696599007518720-->,TRUE
2019-12-23,https://web.archive.org/web/20191224000110/https://twitter.com/JD_2020/status/1209191084863246338,1209191084863246300,How yâ€™all didnâ€™t line up a  partnership in time this year blows my mind but I totally expect it next year ğŸ˜ğŸ¤™ <!--1209191084863246338-->,TRUE
2019-12-19,https://web.archive.org/web/20191219173457/https://twitter.com/JD_2020/status/1207715085378113536,1207715085378113500,Is President Trumpâ€™s impeachment deserved? <!--1207715085378113536-->,TRUE
2019-11-26,https://web.archive.org/web/20191126104750/https://twitter.com/JD_2020/status/1199274409955078144,1199274409955078100,Anyone in the market for an engagement ring? Hmu ğŸ˜“ pic.twitter.com/sUrh0UqTRO <!--1199274409955078144-->,TRUE
2019-11-16,https://web.archive.org/web/20191116092043/https://twitter.com/JD_2020/status/1195612927375609861,1195612927375609900,"Stay strong brother!! âœŠ  (Also, she already won now..... ğŸ™ƒ) <!--1195612927375609861-->",TRUE
2019-11-01,https://web.archive.org/web/20191101054115/https://twitter.com/JD_2020/status/1190140510813470720,1190140510813470700,"Itâ€™s always been strange having a November 1st birthday. The clock strikes midnight on Halloween, and suddenly weâ€™re having a birthday party but everyoneâ€™s in costumes ğŸ˜  Put another way â€” itâ€™s just basically a Halloween party ğŸ™ƒ <!--1190140510813470720-->",TRUE
2019-10-20,https://web.archive.org/web/20191020081741/https://twitter.com/JD_2020/status/1185828561493680128,1.1858285614936801e+18,"I donâ€™t think this message will test well in this positivity-soaked era we live in. I get what sheâ€™s going for, but letâ€™s be careful not to label people broken or wrong. Thatâ€™s just more divisive language. We donâ€™t need another â€œdeplorablesâ€ moment. <!--1185828561493680128-->",TRUE
2019-09-18,https://web.archive.org/web/20190918234811/https://twitter.com/JD_2020/status/1174468133958094848,1174468133958094800,Didnâ€™t Michael Scott invent this? ğŸ¤”  @theofficenbc  https://twitter.com/techinsider/status/1174388114682470400 <!--1174468133958094848-->,TRUE
2019-06-26,https://web.archive.org/web/20190626035043/https://twitter.com/JD_2020/status/1143728269977628672,1143728269977628700,"@emmily5m Is she gone because she wants to be? Or is there any reason to have suspicion of foul play.  In other words, was she acting out and threatening to leave and in a dark place personally? Or was she mixed up in the wrong scene and something bad might have happened to her.  It helps. <!--1143728269977628672-->",TRUE
2019-06-04,https://web.archive.org/web/20190604015240/https://twitter.com/JD_2020/status/1135726028658282496,1135726028658282500,"@swingleft @danpfeiffer .... am I the only one irked by these â€œtake back the ______â€ rally cries? I understand why it is such an effective galvanizing force in politics right now, but at what cost do you want to win?  Because this sort of stuff is absolutely contributing to our countryâ€™s divisiveness. <!--1135726028658282496-->",TRUE
2019-05-25,https://web.archive.org/web/20190525152345/https://twitter.com/JD_2020/status/1132306265827434496,1132306265827434500,"@AlecMacGillis @KimIndivisible @drewharwell The line betweenAI-driven Deep Fake videos meant to disinform, and satire, may become blurry in the coming years. But that slowed down slurring was obviously doctored video to me, and I think it just stands to hurt the credibility of any outlets passing it off as non-satire. <!--1132306265827434496-->",TRUE
2019-02-27,https://web.archive.org/web/20190227072629/https://twitter.com/JD_2020/status/1100657028085764097,1100657028085764100,"Just go into a document, man... <!--1100657028085764097-->",TRUE
2019-01-22,https://web.archive.org/web/20190122074148/https://twitter.com/JD_2020/status/1087616304842985472,1087616304842985500,"@Mediaite Yeah but... that means a graphic designer went into photoshop and typed those hungers in, hit the Save As button, and sent it to a live producer in the control room.  You donâ€™t â€œaccidentallyâ€ render a graphic. <!--1087616304842985472-->",TRUE
2018-05-09,https://web.archive.org/web/20180509195647/https://twitter.com/JD_2020/status/994305200109256705,994305200109256700,https://t.co/Hm2Jil3hjo https://t.co/Hm2Jil3hjo https://t.co/Hm2Jil3hjo <!--994305200109256705-->,TRUE
2017-08-07,https://web.archive.org/web/20170807193357/https://twitter.com/jd_2020/status/894631273502830592,894631273502830600,Neither XBox nor x-box are accurate. It's Xbox. The fact that you write it wrong probably speaks volumes to your qualifications to debate it <!--894631273502830592-->,TRUE
2017-04-19,https://web.archive.org/web/20170419120838/https://twitter.com/JD_2020/status/854668053874921472,854668053874921500,The new Google Earth is literally mind blowing. Here's my neighborhood... https://t.co/maIsVsHCnm https://t.co/vcmII3O0xW <!--854668053874921472-->,TRUE
